Invoice_no,Cust_id,Gender,Age,Category,Quantity,Price,Payment,Invoice_date,Shopping_mall
I138884,C241288,Male,23,Food & Beverages,7,150.69060195222715,Debit card,2023-02-06,Cevvahir AVM
I138885,C241289,Male,39,Shoes,2,180.5904341961689,Credit card,2023-06-22,Cevvahir AVM
I138886,C241290,Female,46,Technology,8,59.9621915683554,Debit card,2023-08-26,Cevvahir AVM
I138887,C241291,Male,26,Books,4,149.0594698355948,Debit card,2023-10-29,Emamr Square Mall
I138887,C241291,Female,62,Shoes,5,22.672834395999207,Cash,2023-08-28,Cevvahir AVM
I138889,C241293,Male,61,Technology,8,51.639351630235254,Credit card,2023-11-16,Emamr Square Mall
I138890,C241294,Male,76,Food & Beverages,1,9.193857330512724,Debit card,2023-05-07,Emamr Square Mall
I138891,C241295,Female,62,Food & Beverages,7,37.05887319306833,Cash,2023-09-20,Cevvahir AVM
I138892,C241296,Female,63,Technology,4,115.15198410625621,Credit card,2023-02-21,Cevvahir AVM
I138893,C241297,Male,43,Clothing,6,52.95311175230049,Debit card,2023-01-17,Emamr Square Mall
I138894,C241298,Female,26,Cosmetics,1,149.39577218493056,Debit card,2023-08-29,Emamr Square Mall
I138895,C241299,Female,29,Toys,2,131.77272112136842,Debit card,2023-09-25,Cevvahir AVM
I138896,C241300,Female,68,Cosmetics,7,7.257239819607925,Credit card,2023-12-30,Emamr Square Mall
I138897,C241301,Male,64,Food & Beverages,3,97.60873644551866,Credit card,2023-07-30,Emamr Square Mall
I138898,C241302,Male,45,Clothing,3,11.90719694039825,Debit card,2023-04-25,Emamr Square Mall
I138899,C241303,Male,51,Cosmetics,8,92.1912810023053,Debit card,2023-06-30,Cevvahir AVM
I138900,C241304,Female,41,Toys,2,18.458179340050734,Debit card,2023-10-25,Cevvahir AVM
I138901,C241305,Male,70,Shoes,1,43.50271482310504,Credit card,2023-09-05,Cevvahir AVM
I138902,C241306,Male,21,Technology,5,120.58429516687393,Credit card,2023-02-13,Cevvahir AVM
I138903,C241307,Female,22,Technology,1,100.47500656834663,Credit card,2023-06-02,Cevvahir AVM
I138904,C241308,Female,45,Souvenir,2,42.31618985185612,Credit card,2023-06-21,Emamr Square Mall
I138905,C241309,Female,57,Souvenir,9,156.83525227674338,Cash,2023-11-28,Cevvahir AVM
I138906,C241310,Male,45,Shoes,5,155.16593913382138,Debit card,2023-05-16,Cevvahir AVM
I138907,C241311,Female,63,Toys,8,80.40286029589393,Debit card,2023-04-16,Cevvahir AVM
I138908,C241312,Female,62,Shoes,3,107.43430373196891,Credit card,2023-04-27,Emamr Square Mall
I138909,C241313,Male,45,Technology,6,105.67506755637095,Credit card,2023-02-11,Emamr Square Mall
I138910,C241314,Female,55,Shoes,5,132.34603977913955,Cash,2023-04-02,Emamr Square Mall
I138911,C241315,Male,51,Shoes,2,142.0802460588165,Debit card,2023-01-19,Cevvahir AVM
I138912,C241316,Male,64,Toys,5,70.11564880774019,Cash,2023-07-18,Emamr Square Mall
I138913,C241317,Female,30,Food & Beverages,3,146.92573022579847,Debit card,2023-03-27,Emamr Square Mall
I138914,C241318,Female,25,Clothing,5,185.9777124171459,Credit card,2023-06-18,Emamr Square Mall
I138915,C241319,Male,61,Souvenir,4,196.30130162345546,Cash,2023-08-14,Emamr Square Mall
I138916,C241320,Male,34,Cosmetics,4,196.14977827387946,Cash,2023-12-09,Cevvahir AVM
I138917,C241321,Female,71,Toys,9,90.22599194995715,Debit card,2023-11-07,Emamr Square Mall
I138918,C241322,Female,67,Books,3,155.64533084779328,Debit card,2023-05-15,Cevvahir AVM
I138919,C241323,Female,41,Cosmetics,4,147.95394854998193,Debit card,2023-11-01,Emamr Square Mall
I138920,C241324,Male,67,Clothing,6,124.1879951721431,Credit card,2023-03-08,Cevvahir AVM
I138921,C241325,Female,64,Toys,6,116.03797742226061,Debit card,2023-09-01,Cevvahir AVM
I138922,C241326,Male,55,Food & Beverages,8,168.0347291005889,Cash,2023-02-01,Cevvahir AVM
I138923,C241327,Female,65,Shoes,2,47.09663640911883,Cash,2023-10-26,Emamr Square Mall
I138924,C241328,Female,49,Food & Beverages,9,36.30598129895958,Credit card,2023-05-22,Emamr Square Mall
I138925,C241329,Male,53,Technology,1,40.07024230364663,Credit card,2023-02-05,Emamr Square Mall
I138926,C241330,Male,68,Books,7,83.61366375956342,Credit card,2023-12-19,Emamr Square Mall
I138927,C241331,Male,66,Toys,3,56.82201024129287,Debit card,2023-02-08,Cevvahir AVM
I138928,C241332,Female,38,Food & Beverages,7,73.93330885169736,Credit card,2023-01-07,Cevvahir AVM
I138929,C241333,Female,22,Toys,3,131.06388898697787,Cash,2023-02-25,Cevvahir AVM
I138930,C241334,Female,54,Technology,6,59.16937416313768,Cash,2023-05-06,Emamr Square Mall
I138931,C241335,Female,40,Toys,7,13.742297715218578,Credit card,2023-12-07,Emamr Square Mall
I138932,C241336,Male,77,Food & Beverages,6,191.5648831964852,Credit card,2023-01-22,Emamr Square Mall
I138933,C241337,Female,28,Clothing,9,157.97859328204862,Credit card,2023-08-09,Emamr Square Mall
I138934,C241338,Male,65,Technology,8,31.20707029871906,Debit card,2023-02-05,Cevvahir AVM
I138935,C241339,Female,27,Books,9,169.82972876414115,Debit card,2023-02-19,Emamr Square Mall
I138936,C241340,Male,70,Technology,7,77.30493442806223,Cash,2023-08-05,Cevvahir AVM
I138937,C241341,Male,22,Shoes,5,154.64836975352415,Cash,2023-05-30,Emamr Square Mall
I138938,C241342,Male,31,Shoes,2,150.52318728264677,Debit card,2023-03-11,Cevvahir AVM
I138939,C241343,Female,46,Toys,1,43.74653106513233,Debit card,2023-01-31,Cevvahir AVM
I138940,C241344,Female,23,Souvenir,3,159.14946485634732,Debit card,2023-05-06,Emamr Square Mall
I138941,C241345,Male,25,Shoes,3,104.52639195903325,Cash,2023-10-27,Emamr Square Mall
I138942,C241346,Female,28,Technology,8,197.1615212174821,Cash,2023-07-14,Cevvahir AVM
I138943,C241347,Male,31,Books,2,102.51049760269849,Cash,2023-04-07,Emamr Square Mall
I138943,C241347,Female,72,Toys,2,16.667149322243183,Cash,2023-04-27,Cevvahir AVM
I138945,C241349,Female,70,Toys,4,55.53822566694304,Credit card,2023-02-18,Emamr Square Mall
I138946,C241350,Female,73,Souvenir,1,160.39602026184522,Credit card,2023-07-02,Cevvahir AVM
I138947,C241351,Male,20,Clothing,1,187.48273812524812,Debit card,2023-06-19,Cevvahir AVM
I138948,C241352,Male,48,Books,9,24.737497257465805,Cash,2023-08-08,Cevvahir AVM
I138949,C241353,Male,37,Food & Beverages,7,74.67556247955493,Cash,2023-02-25,Emamr Square Mall
I138950,C241354,Female,26,Cosmetics,9,167.1524333287025,Debit card,2023-08-18,Cevvahir AVM
I138951,C241355,Male,24,Food & Beverages,5,192.50070841115323,Cash,2023-03-09,Emamr Square Mall
I138952,C241356,Male,75,Shoes,6,169.89296733934168,Cash,2023-03-07,Cevvahir AVM
I138953,C241357,Female,18,Souvenir,6,158.14110370127435,Cash,2023-10-24,Cevvahir AVM
I138953,C241357,Male,18,Shoes,6,46.61708162126404,Cash,2023-04-11,Cevvahir AVM
I138955,C241359,Male,34,Toys,1,99.64914296685077,Cash,2023-02-15,Emamr Square Mall
I138956,C241360,Female,74,Toys,9,151.73094545795382,Credit card,2023-11-20,Emamr Square Mall
I138957,C241361,Male,36,Clothing,9,132.96245390359658,Credit card,2023-01-12,Emamr Square Mall
I138958,C241362,Female,38,Clothing,6,118.95524004909306,Credit card,2023-12-31,Emamr Square Mall
I138959,C241363,Male,74,Food & Beverages,1,170.63616075180158,Debit card,2023-12-05,Emamr Square Mall
I138960,C241364,Male,79,Clothing,5,92.13764353640613,Cash,2023-05-03,Cevvahir AVM
I138961,C241365,Female,79,Food & Beverages,7,63.82512227396675,Debit card,2023-02-22,Emamr Square Mall
I138962,C241366,Female,73,Books,9,18.468738454877215,Debit card,2023-07-09,Cevvahir AVM
I138963,C241367,Female,30,Clothing,1,73.9461515531426,Cash,2023-08-29,Cevvahir AVM
I138964,C241368,Male,39,Souvenir,5,54.77348543400197,Credit card,2023-04-01,Emamr Square Mall
I138965,C241369,Male,59,Shoes,9,72.52125459487438,Credit card,2023-05-28,Emamr Square Mall
I138966,C241370,Male,30,Food & Beverages,8,135.8841158961735,Cash,2023-11-12,Cevvahir AVM
I138967,C241371,Female,31,Shoes,3,44.29455859665774,Debit card,2023-04-27,Cevvahir AVM
I138968,C241372,Male,67,Food & Beverages,2,163.54447983943083,Credit card,2023-02-06,Cevvahir AVM
I138969,C241373,Male,52,Food & Beverages,4,82.18104554912777,Credit card,2023-06-29,Cevvahir AVM
I138970,C241374,Female,78,Souvenir,5,35.643818406024984,Credit card,2023-11-20,Emamr Square Mall
I138971,C241375,Female,50,Souvenir,5,137.7227761409647,Debit card,2023-07-21,Cevvahir AVM
I138972,C241376,Female,60,Food & Beverages,3,172.84725183952654,Cash,2023-11-19,Emamr Square Mall
I138973,C241377,Female,23,Toys,7,145.4368939015561,Cash,2023-04-26,Emamr Square Mall
I138974,C241378,Male,31,Cosmetics,6,158.044858628342,Credit card,2023-07-09,Emamr Square Mall
I138975,C241379,Female,50,Shoes,8,9.203388303926058,Debit card,2023-12-05,Cevvahir AVM
I138976,C241380,Male,67,Souvenir,4,176.45688371524156,Cash,2023-11-21,Cevvahir AVM
I138977,C241381,Female,60,Books,9,31.890529624300207,Debit card,2023-09-16,Cevvahir AVM
I138978,C241382,Female,78,Books,3,199.2953306100344,Debit card,2023-10-12,Cevvahir AVM
I138979,C241383,Male,73,Cosmetics,7,130.94740927591502,Cash,2023-01-24,Emamr Square Mall
I138980,C241384,Male,38,Clothing,8,34.78623558682681,Credit card,2023-06-23,Emamr Square Mall
I138981,C241385,Female,55,Food & Beverages,7,154.87575617875584,Credit card,2023-06-04,Cevvahir AVM
I138982,C241386,Female,69,Books,5,135.15840870909975,Credit card,2023-07-10,Cevvahir AVM
I138983,C241387,Male,78,Shoes,8,90.57067466421061,Debit card,2023-02-18,Cevvahir AVM
I138984,C241388,Male,79,Books,5,131.7394010796479,Credit card,2023-04-17,Emamr Square Mall
I138985,C241389,Male,42,Toys,5,12.616897556477904,Credit card,2023-02-18,Cevvahir AVM
I138986,C241390,Female,29,Toys,8,38.198914007316766,Credit card,2023-02-04,Cevvahir AVM
I138987,C241391,Male,21,Toys,6,138.23686438936943,Credit card,2023-08-14,Emamr Square Mall
I138988,C241392,Female,35,Books,9,25.100352196296942,Debit card,2023-10-18,Emamr Square Mall
I138989,C241393,Male,27,Souvenir,5,190.56078835481551,Debit card,2023-10-20,Emamr Square Mall
I138990,C241394,Female,22,Food & Beverages,2,157.94761594662813,Credit card,2023-11-25,Emamr Square Mall
I138991,C241395,Male,44,Shoes,9,37.420263859347514,Credit card,2023-08-27,Emamr Square Mall
I138992,C241396,Female,42,Shoes,3,170.68977853911423,Debit card,2023-05-09,Cevvahir AVM
I138993,C241397,Female,41,Cosmetics,3,169.90958852460244,Debit card,2023-11-14,Cevvahir AVM
I138994,C241398,Female,39,Food & Beverages,6,100.04943023754166,Cash,2023-10-05,Cevvahir AVM
I138995,C241399,Female,18,Books,5,77.66412273518785,Credit card,2023-10-23,Emamr Square Mall
I138996,C241400,Male,66,Food & Beverages,7,90.00280647071796,Cash,2023-04-07,Cevvahir AVM
I138997,C241401,Female,52,Shoes,1,29.145595192296234,Credit card,2023-08-30,Emamr Square Mall
I138998,C241402,Female,18,Books,5,86.19704346613047,Cash,2023-06-25,Emamr Square Mall
I138999,C241403,Male,54,Shoes,8,88.27516880630085,Cash,2023-08-13,Emamr Square Mall
I139000,C241404,Female,42,Toys,7,93.67304793690238,Cash,2023-01-10,Emamr Square Mall
I139001,C241405,Male,35,Shoes,8,123.5048859916602,Debit card,2023-10-15,Emamr Square Mall
I139002,C241406,Male,63,Food & Beverages,7,125.39402760965643,Credit card,2023-09-24,Cevvahir AVM
I139003,C241407,Female,61,Food & Beverages,7,159.06277668066556,Debit card,2023-12-15,Emamr Square Mall
I139004,C241408,Female,72,Food & Beverages,2,20.752544062633323,Credit card,2023-03-27,Emamr Square Mall
I139005,C241409,Female,19,Clothing,5,183.23093687928778,Debit card,2023-04-12,Emamr Square Mall
I139006,C241410,Female,38,Cosmetics,8,159.7870186970056,Credit card,2023-03-19,Emamr Square Mall
I139007,C241411,Female,55,Toys,5,139.05428508017576,Cash,2023-01-09,Emamr Square Mall
I139008,C241412,Male,32,Cosmetics,1,91.63981855605935,Cash,2023-10-19,Cevvahir AVM
I139009,C241413,Male,39,Technology,9,22.116410602700793,Cash,2023-06-16,Cevvahir AVM
I139010,C241414,Female,22,Technology,1,42.17697538536389,Cash,2023-06-05,Emamr Square Mall
I139011,C241415,Male,67,Souvenir,5,160.31774897339355,Credit card,2023-07-12,Cevvahir AVM
I139012,C241416,Female,54,Books,1,188.7915228240554,Debit card,2023-09-03,Emamr Square Mall
I139013,C241417,Male,78,Toys,2,30.988176992383597,Credit card,2023-09-11,Emamr Square Mall
I139014,C241418,Male,20,Technology,7,20.5831364311032,Credit card,2023-05-18,Cevvahir AVM
I139015,C241419,Female,61,Cosmetics,6,33.32083261126837,Debit card,2023-02-03,Cevvahir AVM
I139016,C241420,Male,59,Food & Beverages,4,137.15328360477108,Debit card,2023-03-24,Cevvahir AVM
I139017,C241421,Female,39,Clothing,9,20.671607701053496,Credit card,2023-06-18,Cevvahir AVM
I139018,C241422,Female,65,Clothing,2,125.75326271348582,Credit card,2023-08-02,Cevvahir AVM
I139019,C241423,Female,49,Shoes,8,151.65154594971986,Credit card,2023-06-10,Cevvahir AVM
I139020,C241424,Male,42,Books,5,186.56906463710567,Cash,2023-11-05,Emamr Square Mall
I139021,C241425,Male,35,Souvenir,6,48.178856966775484,Cash,2023-10-08,Cevvahir AVM
I139022,C241426,Male,39,Food & Beverages,2,42.273586061590535,Credit card,2023-05-04,Cevvahir AVM
I139023,C241427,Male,24,Souvenir,7,199.18299958814748,Credit card,2023-01-10,Emamr Square Mall
I139024,C241428,Male,23,Cosmetics,3,179.71515712822102,Debit card,2023-07-18,Emamr Square Mall
I139025,C241429,Female,52,Books,6,49.72135799996184,Debit card,2023-06-28,Emamr Square Mall
I139026,C241430,Male,38,Books,7,167.58877748548753,Credit card,2023-04-05,Emamr Square Mall
I139027,C241431,Female,20,Toys,1,38.953393579526626,Cash,2023-05-24,Cevvahir AVM
I139028,C241432,Male,42,Souvenir,8,66.71391534291905,Credit card,2023-11-21,Emamr Square Mall
I139029,C241433,Male,32,Clothing,1,128.80125217162555,Cash,2023-10-07,Cevvahir AVM
I139030,C241434,Female,70,Toys,1,131.934853409908,Credit card,2023-02-13,Cevvahir AVM
I139031,C241435,Female,41,Books,4,110.87402493998816,Credit card,2023-06-10,Emamr Square Mall
I139032,C241436,Male,34,Souvenir,4,183.02609001533745,Cash,2023-10-15,Emamr Square Mall
I139033,C241437,Female,77,Books,1,30.70742584619756,Credit card,2023-04-28,Cevvahir AVM
I139034,C241438,Female,60,Technology,4,178.98408486078822,Cash,2023-11-03,Cevvahir AVM
I139035,C241439,Female,32,Toys,3,127.50832239576069,Debit card,2023-12-21,Emamr Square Mall
I139036,C241440,Female,34,Books,7,26.12609552297992,Debit card,2023-01-12,Cevvahir AVM
I139037,C241441,Female,63,Shoes,6,142.46803437651496,Cash,2023-11-15,Cevvahir AVM
I139038,C241442,Male,18,Shoes,1,68.51546248094556,Debit card,2023-01-10,Cevvahir AVM
I139039,C241443,Male,19,Technology,6,100.36444886192301,Debit card,2023-10-29,Cevvahir AVM
I139040,C241444,Female,33,Toys,6,99.31480575888959,Debit card,2023-03-05,Cevvahir AVM
I139041,C241445,Male,76,Technology,7,67.82494165573678,Debit card,2023-07-04,Cevvahir AVM
I139042,C241446,Female,43,Clothing,5,147.25320076706075,Cash,2023-01-28,Cevvahir AVM
I139043,C241447,Male,30,Shoes,7,134.76238615797152,Cash,2023-04-13,Emamr Square Mall
I139043,C241447,Male,29,Souvenir,4,140.1979748589679,Credit card,2023-10-03,Cevvahir AVM
I139045,C241449,Male,79,Clothing,3,165.63011851735703,Credit card,2023-02-22,Cevvahir AVM
I139046,C241450,Male,34,Cosmetics,5,46.9591806113308,Cash,2023-11-23,Emamr Square Mall
I139047,C241451,Male,62,Toys,6,184.50675319265122,Debit card,2023-07-20,Cevvahir AVM
I139048,C241452,Female,38,Shoes,8,47.82551170167232,Cash,2023-04-14,Emamr Square Mall
I139049,C241453,Male,72,Souvenir,5,148.45637041630104,Debit card,2023-01-28,Cevvahir AVM
I139050,C241454,Female,57,Food & Beverages,4,46.200036252412744,Debit card,2023-09-12,Emamr Square Mall
I139051,C241455,Female,23,Toys,9,181.27481104243984,Cash,2023-03-29,Cevvahir AVM
I139052,C241456,Female,41,Souvenir,4,52.562654795748415,Cash,2023-12-17,Cevvahir AVM
I139053,C241457,Female,76,Clothing,7,82.63767626985197,Cash,2023-08-04,Cevvahir AVM
I139054,C241458,Female,20,Shoes,6,147.25589348784217,Credit card,2023-07-03,Emamr Square Mall
I139055,C241459,Male,34,Toys,6,36.67286424342073,Debit card,2023-03-01,Cevvahir AVM
I139056,C241460,Female,44,Technology,2,161.25712649824055,Cash,2023-07-21,Cevvahir AVM
I139057,C241461,Male,71,Souvenir,1,151.18424850354182,Debit card,2023-11-29,Emamr Square Mall
I139058,C241462,Female,43,Clothing,8,76.31105905935112,Debit card,2023-12-20,Emamr Square Mall
I139059,C241463,Male,28,Technology,3,174.21703968900388,Credit card,2023-05-12,Emamr Square Mall
I139060,C241464,Female,30,Food & Beverages,7,32.296029791570234,Cash,2023-04-03,Cevvahir AVM
I139061,C241465,Male,64,Food & Beverages,4,112.56649212588371,Credit card,2023-06-19,Emamr Square Mall
I139062,C241466,Male,33,Cosmetics,6,189.01372690240456,Cash,2023-11-07,Cevvahir AVM
I139063,C241467,Male,30,Cosmetics,9,43.444480528476554,Credit card,2023-12-15,Cevvahir AVM
I139064,C241468,Female,73,Toys,3,58.05551689821162,Credit card,2023-06-19,Emamr Square Mall
I139065,C241469,Female,34,Books,4,94.64326542155726,Credit card,2023-11-29,Emamr Square Mall
I139066,C241470,Male,26,Books,2,168.0535317357767,Credit card,2023-05-07,Cevvahir AVM
I139067,C241471,Female,31,Shoes,5,69.43753961163135,Cash,2023-06-08,Emamr Square Mall
I139068,C241472,Male,58,Souvenir,5,155.90468714895354,Credit card,2023-02-14,Emamr Square Mall
I139069,C241473,Female,20,Souvenir,6,155.28998758498076,Debit card,2023-04-03,Cevvahir AVM
I139070,C241474,Male,70,Shoes,4,59.677961354408886,Credit card,2023-02-09,Cevvahir AVM
I139070,C241474,Female,38,Cosmetics,5,38.55135580427483,Cash,2023-04-24,Cevvahir AVM
I139072,C241476,Female,58,Souvenir,9,95.44241150175945,Debit card,2023-10-11,Cevvahir AVM
I139073,C241477,Male,72,Food & Beverages,4,167.15441581554884,Cash,2023-09-18,Cevvahir AVM
I139074,C241478,Male,79,Food & Beverages,6,185.3373810335572,Credit card,2023-11-17,Emamr Square Mall
I139075,C241479,Male,76,Shoes,7,131.58591799983697,Cash,2023-09-13,Emamr Square Mall
I139076,C241480,Female,72,Clothing,4,115.24489551416438,Debit card,2023-03-12,Emamr Square Mall
I139077,C241481,Female,38,Books,1,151.95098357361692,Credit card,2023-09-01,Cevvahir AVM
I139078,C241482,Male,55,Books,7,107.18824042536541,Credit card,2023-11-24,Emamr Square Mall
I139079,C241483,Male,38,Souvenir,2,50.55527550242404,Credit card,2023-11-27,Emamr Square Mall
I139079,C241483,Male,62,Technology,7,34.680332344334985,Debit card,2023-03-25,Cevvahir AVM
I139081,C241485,Female,23,Food & Beverages,8,132.1320230713568,Debit card,2023-08-17,Emamr Square Mall
I139082,C241486,Male,53,Cosmetics,1,117.69192663226293,Cash,2023-12-13,Cevvahir AVM
I139083,C241487,Male,48,Toys,5,19.382998572755177,Credit card,2023-07-02,Emamr Square Mall
I139084,C241488,Female,39,Shoes,7,127.9874983920456,Cash,2023-10-01,Emamr Square Mall
I139085,C241489,Male,38,Books,1,55.40930250507024,Cash,2023-02-14,Emamr Square Mall
I139086,C241490,Male,46,Technology,3,9.94315220683212,Debit card,2023-03-28,Emamr Square Mall
I139087,C241491,Male,40,Toys,2,119.27988810491608,Debit card,2023-07-02,Cevvahir AVM
I139088,C241492,Male,64,Clothing,8,131.35912408609707,Cash,2023-12-07,Emamr Square Mall
I139089,C241493,Male,50,Clothing,3,82.6277568249738,Cash,2023-08-13,Emamr Square Mall
I139090,C241494,Female,57,Cosmetics,4,6.522232925296909,Debit card,2023-11-16,Cevvahir AVM
I139091,C241495,Female,29,Shoes,3,156.67229152406804,Debit card,2023-04-30,Emamr Square Mall
I139092,C241496,Male,53,Cosmetics,4,148.5523523754935,Debit card,2023-10-05,Cevvahir AVM
I139093,C241497,Male,47,Clothing,5,67.7990121427599,Cash,2023-04-26,Cevvahir AVM
I139094,C241498,Female,20,Technology,3,27.78114288614311,Credit card,2023-10-11,Emamr Square Mall
I139095,C241499,Female,68,Souvenir,3,51.050629531970245,Debit card,2023-04-24,Cevvahir AVM
I139096,C241500,Female,76,Toys,6,9.652919156512786,Cash,2023-04-23,Cevvahir AVM
I139097,C241501,Male,73,Toys,9,182.73168698839703,Debit card,2023-04-10,Cevvahir AVM
I139098,C241502,Female,69,Shoes,7,143.16673259223833,Debit card,2023-05-15,Cevvahir AVM
I139099,C241503,Male,61,Shoes,3,123.44700677356727,Credit card,2023-10-26,Emamr Square Mall
I139100,C241504,Female,37,Food & Beverages,6,46.82290276561423,Debit card,2023-09-25,Cevvahir AVM
I139101,C241505,Female,70,Technology,5,171.08582201239437,Credit card,2023-06-05,Cevvahir AVM
I139102,C241506,Female,41,Toys,6,26.59028362012045,Cash,2023-03-17,Emamr Square Mall
I139103,C241507,Male,55,Technology,4,5.210412537037336,Debit card,2023-12-24,Cevvahir AVM
I139104,C241508,Male,68,Souvenir,8,125.61385767644086,Debit card,2023-09-24,Cevvahir AVM
I139105,C241509,Male,65,Shoes,3,120.33953062674874,Cash,2023-03-07,Emamr Square Mall
I139106,C241510,Male,26,Technology,8,132.38299726930427,Debit card,2023-06-21,Cevvahir AVM
I139107,C241511,Female,49,Technology,6,8.155483722509983,Credit card,2023-03-06,Cevvahir AVM
I139108,C241512,Female,67,Clothing,7,68.04400804256304,Credit card,2023-01-06,Cevvahir AVM
I139109,C241513,Male,52,Shoes,9,136.04247247639404,Debit card,2023-10-03,Emamr Square Mall
I139110,C241514,Male,19,Technology,7,102.58760130024068,Cash,2023-07-21,Cevvahir AVM
I139111,C241515,Male,42,Technology,8,117.65831400497373,Credit card,2023-11-05,Cevvahir AVM
I139112,C241516,Female,70,Books,6,183.67779705117925,Debit card,2023-10-24,Cevvahir AVM
I139113,C241517,Female,79,Books,8,33.40596104813435,Cash,2023-09-27,Cevvahir AVM
I139114,C241518,Male,67,Food & Beverages,2,88.21686650638866,Cash,2023-06-12,Cevvahir AVM
I139115,C241519,Male,19,Shoes,7,153.37289852374246,Cash,2023-02-18,Cevvahir AVM
I139116,C241520,Male,41,Books,8,42.463203670410934,Credit card,2023-06-17,Emamr Square Mall
I139117,C241521,Female,65,Souvenir,2,49.021046852303705,Debit card,2023-02-23,Cevvahir AVM
I139118,C241522,Male,47,Books,4,75.44353207430954,Debit card,2023-12-08,Cevvahir AVM
I139119,C241523,Male,59,Books,5,179.94924383862875,Credit card,2023-11-07,Emamr Square Mall
I139120,C241524,Male,41,Souvenir,4,73.88111092371051,Credit card,2023-06-19,Emamr Square Mall
I139121,C241525,Female,71,Technology,5,157.89489054682664,Cash,2023-02-17,Emamr Square Mall
I139122,C241526,Male,36,Toys,6,73.59224541061916,Debit card,2023-01-08,Emamr Square Mall
I139123,C241527,Male,56,Cosmetics,6,179.41365262799286,Credit card,2023-02-19,Emamr Square Mall
I139124,C241528,Male,68,Food & Beverages,2,41.924420971980794,Credit card,2023-01-08,Emamr Square Mall
I139125,C241529,Female,59,Technology,1,125.05758086329405,Debit card,2023-12-02,Cevvahir AVM
I139126,C241530,Male,63,Books,9,140.70391216509648,Cash,2023-01-21,Cevvahir AVM
I139127,C241531,Male,22,Cosmetics,1,88.72203556399829,Cash,2023-01-30,Emamr Square Mall
I139128,C241532,Female,32,Souvenir,6,45.00043766477348,Cash,2023-10-21,Cevvahir AVM
I139129,C241533,Female,53,Technology,9,127.27596243454825,Debit card,2023-09-16,Cevvahir AVM
I139130,C241534,Male,30,Toys,6,144.9398374566788,Credit card,2023-10-09,Emamr Square Mall
I139131,C241535,Female,37,Clothing,7,173.87771548150636,Debit card,2023-12-25,Emamr Square Mall
I139132,C241536,Female,33,Food & Beverages,4,167.41775922018013,Cash,2023-06-28,Emamr Square Mall
I139133,C241537,Male,48,Cosmetics,3,80.24435205848765,Debit card,2023-02-21,Emamr Square Mall
I139134,C241538,Male,76,Clothing,8,141.3354935262706,Debit card,2023-03-12,Emamr Square Mall
I139135,C241539,Male,24,Books,2,110.84388637429798,Debit card,2023-04-09,Emamr Square Mall
I139136,C241540,Female,21,Shoes,9,73.91662177566616,Cash,2023-07-23,Cevvahir AVM
I139137,C241541,Female,66,Clothing,1,59.11872597528107,Credit card,2023-11-16,Emamr Square Mall
I139138,C241542,Male,40,Shoes,6,187.03285464661818,Credit card,2023-02-20,Emamr Square Mall
I139139,C241543,Male,19,Clothing,2,160.8670388396599,Credit card,2023-01-17,Emamr Square Mall
I139140,C241544,Female,46,Toys,1,46.67991907127244,Credit card,2023-11-20,Cevvahir AVM
I139141,C241545,Female,67,Souvenir,9,132.56878182085137,Debit card,2023-08-22,Cevvahir AVM
I139142,C241546,Female,45,Souvenir,8,100.3791835345257,Credit card,2023-11-10,Cevvahir AVM
I139143,C241547,Male,54,Technology,5,176.0866615604631,Credit card,2023-09-27,Cevvahir AVM
I139144,C241548,Female,54,Cosmetics,1,11.608257685672239,Cash,2023-11-11,Emamr Square Mall
I139145,C241549,Male,32,Shoes,8,135.17323633975562,Credit card,2023-12-15,Cevvahir AVM
I139146,C241550,Female,70,Toys,1,157.4841828679479,Cash,2023-02-24,Cevvahir AVM
I139147,C241551,Male,79,Souvenir,2,42.30980969957019,Debit card,2023-07-08,Emamr Square Mall
I139147,C241551,Male,46,Technology,5,170.9541704978133,Cash,2023-05-12,Emamr Square Mall
I139149,C241553,Male,41,Souvenir,7,131.69294466871312,Debit card,2023-11-10,Emamr Square Mall
I139150,C241554,Male,59,Toys,5,116.19252360465806,Cash,2023-06-17,Emamr Square Mall
I139151,C241555,Female,72,Cosmetics,7,45.81287032511494,Cash,2023-04-15,Emamr Square Mall
I139152,C241556,Male,19,Clothing,3,44.09824246194977,Cash,2023-11-23,Emamr Square Mall
I139153,C241557,Male,28,Food & Beverages,7,136.83741062276664,Credit card,2023-08-25,Emamr Square Mall
I139154,C241558,Female,30,Books,4,75.63861434677762,Debit card,2023-02-12,Cevvahir AVM
I139155,C241559,Female,56,Books,3,93.9459569195782,Debit card,2023-07-25,Cevvahir AVM
I139156,C241560,Female,48,Books,6,66.80530551650038,Credit card,2023-04-15,Cevvahir AVM
I139157,C241561,Female,65,Clothing,8,126.56461821812084,Cash,2023-12-06,Emamr Square Mall
I139158,C241562,Male,55,Shoes,3,141.4659906030383,Cash,2023-01-17,Cevvahir AVM
I139159,C241563,Male,45,Toys,6,176.0052561490854,Cash,2023-07-25,Cevvahir AVM
I139160,C241564,Female,54,Food & Beverages,1,38.86859688773277,Debit card,2023-03-31,Cevvahir AVM
I139161,C241565,Female,33,Clothing,3,88.32858566498795,Debit card,2023-01-30,Emamr Square Mall
I139162,C241566,Male,36,Food & Beverages,7,70.7232263394962,Credit card,2023-11-16,Cevvahir AVM
I139163,C241567,Female,65,Cosmetics,5,111.8124296790356,Debit card,2023-01-26,Emamr Square Mall
I139164,C241568,Female,57,Shoes,2,91.33490087206626,Cash,2023-05-08,Emamr Square Mall
I139165,C241569,Male,57,Food & Beverages,2,22.688178247667228,Cash,2023-04-01,Cevvahir AVM
I139166,C241570,Female,50,Books,3,168.37049677202234,Cash,2023-04-19,Cevvahir AVM
I139167,C241571,Male,47,Technology,1,83.56080971253748,Credit card,2023-08-01,Emamr Square Mall
I139168,C241572,Male,76,Food & Beverages,5,74.64129178846893,Cash,2023-03-01,Cevvahir AVM
I139169,C241573,Male,60,Souvenir,8,73.2209786614693,Cash,2023-10-06,Emamr Square Mall
I139170,C241574,Male,73,Food & Beverages,6,82.26234608794532,Credit card,2023-12-01,Cevvahir AVM
I139171,C241575,Female,58,Shoes,4,116.97800529973824,Cash,2023-06-05,Cevvahir AVM
I139172,C241576,Male,58,Books,5,132.4489480844886,Credit card,2023-12-21,Cevvahir AVM
I139173,C241577,Female,49,Toys,3,117.5862414311116,Cash,2023-03-09,Cevvahir AVM
I139174,C241578,Male,29,Shoes,2,116.82543884641288,Credit card,2023-04-08,Emamr Square Mall
I139175,C241579,Female,42,Cosmetics,8,73.33518034703273,Credit card,2023-04-29,Cevvahir AVM
I139176,C241580,Male,64,Cosmetics,5,19.452016800865483,Cash,2023-03-23,Cevvahir AVM
I139177,C241581,Female,36,Food & Beverages,6,136.80983079121677,Credit card,2023-04-18,Cevvahir AVM
I139178,C241582,Male,38,Clothing,2,133.36235613603552,Debit card,2023-03-05,Cevvahir AVM
I139179,C241583,Female,29,Toys,3,180.86753820787132,Credit card,2023-01-28,Cevvahir AVM
I139180,C241584,Female,77,Clothing,1,78.35779292629623,Cash,2023-03-06,Emamr Square Mall
I139181,C241585,Male,22,Cosmetics,7,162.23483782278538,Debit card,2023-10-28,Cevvahir AVM
I139182,C241586,Female,37,Souvenir,7,129.13516369694307,Credit card,2023-03-24,Emamr Square Mall
I139183,C241587,Male,60,Cosmetics,5,156.7891142456922,Debit card,2023-07-22,Emamr Square Mall
I139184,C241588,Female,79,Clothing,1,66.09806883188921,Debit card,2023-03-17,Cevvahir AVM
I139185,C241589,Male,42,Toys,1,92.6343634714683,Credit card,2023-02-09,Emamr Square Mall
I139186,C241590,Female,65,Food & Beverages,8,54.25880776872503,Debit card,2023-08-27,Emamr Square Mall
I139187,C241591,Male,77,Cosmetics,4,111.593660224305,Credit card,2023-08-10,Cevvahir AVM
I139188,C241592,Female,77,Toys,2,106.88740038214402,Credit card,2023-05-24,Emamr Square Mall
I139189,C241593,Male,34,Books,5,184.77248512164195,Debit card,2023-03-16,Cevvahir AVM
I139190,C241594,Female,47,Toys,3,184.67505329436142,Debit card,2023-10-15,Emamr Square Mall
I139191,C241595,Female,54,Toys,2,40.15900783061117,Credit card,2023-10-19,Cevvahir AVM
I139192,C241596,Male,41,Toys,6,192.38555805021247,Cash,2023-04-21,Emamr Square Mall
I139193,C241597,Female,62,Cosmetics,2,40.69585182175995,Credit card,2023-05-01,Emamr Square Mall
I139194,C241598,Female,33,Cosmetics,4,121.62523225487088,Debit card,2023-03-23,Emamr Square Mall
I139195,C241599,Male,44,Cosmetics,2,125.71888131931776,Credit card,2023-04-22,Cevvahir AVM
I139196,C241600,Male,31,Food & Beverages,5,8.664432411196273,Cash,2023-09-03,Cevvahir AVM
I139197,C241601,Male,29,Food & Beverages,9,90.51648685805,Cash,2023-06-17,Cevvahir AVM
I139198,C241602,Male,44,Food & Beverages,9,117.17133020311871,Debit card,2023-10-08,Emamr Square Mall
I139199,C241603,Female,76,Technology,9,80.64867639406262,Cash,2023-06-09,Emamr Square Mall
I139200,C241604,Male,40,Clothing,8,83.07558405793904,Cash,2023-07-14,Cevvahir AVM
I139201,C241605,Male,40,Cosmetics,7,40.98165842580913,Cash,2023-06-08,Cevvahir AVM
I139202,C241606,Male,74,Clothing,4,31.212596766780024,Debit card,2023-09-02,Emamr Square Mall
I139203,C241607,Female,57,Technology,5,155.04356876957692,Cash,2023-10-21,Cevvahir AVM
I139204,C241608,Male,79,Clothing,5,155.9060597058875,Debit card,2023-12-30,Cevvahir AVM
I139205,C241609,Male,58,Cosmetics,2,52.74218268063871,Cash,2023-11-04,Cevvahir AVM
I139206,C241610,Male,23,Clothing,4,101.33966094248319,Cash,2023-03-04,Emamr Square Mall
I139207,C241611,Male,77,Cosmetics,9,55.61880030162813,Credit card,2023-06-17,Emamr Square Mall
I139208,C241612,Male,72,Food & Beverages,2,192.7276703383889,Cash,2023-03-28,Cevvahir AVM
I139209,C241613,Female,35,Clothing,6,160.56740501134894,Cash,2023-12-29,Cevvahir AVM
I139210,C241614,Female,53,Food & Beverages,6,54.656646063611454,Credit card,2023-11-08,Cevvahir AVM
I139211,C241615,Male,28,Souvenir,6,31.465875600511836,Debit card,2023-05-19,Emamr Square Mall
I139212,C241616,Male,49,Books,3,40.293555998418924,Credit card,2023-01-11,Cevvahir AVM
I139213,C241617,Male,31,Souvenir,1,8.046663332409466,Credit card,2023-03-15,Cevvahir AVM
I139214,C241618,Female,46,Shoes,1,86.458426976339,Credit card,2023-08-11,Cevvahir AVM
I139215,C241619,Female,53,Clothing,9,106.56333572961965,Cash,2023-09-19,Emamr Square Mall
I139216,C241620,Female,23,Shoes,8,180.52994765710588,Cash,2023-03-24,Emamr Square Mall
I139216,C241620,Male,48,Clothing,4,199.34489803317004,Debit card,2023-11-13,Cevvahir AVM
I139218,C241622,Female,35,Souvenir,3,70.39261036610968,Cash,2023-12-22,Cevvahir AVM
I139219,C241623,Female,32,Technology,7,81.07246529759735,Credit card,2023-04-05,Emamr Square Mall
I139220,C241624,Male,63,Food & Beverages,2,145.21548290825257,Credit card,2023-01-09,Emamr Square Mall
I139221,C241625,Female,55,Shoes,8,120.50630799651042,Cash,2023-03-06,Cevvahir AVM
I139222,C241626,Male,62,Books,8,157.55631952076922,Credit card,2023-09-27,Emamr Square Mall
I139223,C241627,Male,27,Technology,9,14.153157461809284,Cash,2023-05-10,Emamr Square Mall
I139224,C241628,Male,77,Souvenir,5,31.355411420699852,Cash,2023-05-06,Emamr Square Mall
I139224,C241628,Female,45,Souvenir,8,21.017826179147754,Credit card,2023-09-03,Cevvahir AVM
I139226,C241630,Male,53,Books,3,33.69114179462312,Credit card,2023-07-20,Cevvahir AVM
I139227,C241631,Female,56,Clothing,6,8.531863033421047,Cash,2023-01-09,Emamr Square Mall
I139228,C241632,Male,66,Cosmetics,5,55.086295840327026,Debit card,2023-04-25,Cevvahir AVM
I139229,C241633,Female,36,Shoes,5,93.41398419287749,Credit card,2023-04-08,Cevvahir AVM
I139230,C241634,Female,19,Souvenir,4,12.034642864251879,Cash,2023-07-19,Cevvahir AVM
I139231,C241635,Female,41,Shoes,4,21.0712515426873,Debit card,2023-01-15,Cevvahir AVM
I139232,C241636,Female,65,Food & Beverages,8,120.09640834212192,Cash,2023-12-24,Cevvahir AVM
I139233,C241637,Female,49,Food & Beverages,3,137.77896717536782,Debit card,2023-07-05,Cevvahir AVM
I139234,C241638,Female,77,Food & Beverages,2,89.06631645794172,Debit card,2023-10-29,Cevvahir AVM
I139235,C241639,Male,60,Shoes,2,11.28729900127708,Cash,2023-10-29,Cevvahir AVM
I139236,C241640,Male,63,Food & Beverages,6,120.9551206145215,Credit card,2023-07-14,Cevvahir AVM
I139237,C241641,Female,69,Shoes,7,123.06445077812432,Debit card,2023-04-04,Cevvahir AVM
I139238,C241642,Female,76,Toys,1,154.1137959670571,Cash,2023-01-05,Emamr Square Mall
I139239,C241643,Male,40,Cosmetics,8,36.65867946267251,Debit card,2023-03-29,Emamr Square Mall
I139240,C241644,Female,31,Cosmetics,4,131.65157519264864,Debit card,2023-06-26,Emamr Square Mall
I139241,C241645,Male,24,Books,6,145.2155599783995,Cash,2023-07-02,Emamr Square Mall
I139242,C241646,Male,21,Books,9,154.51021637320048,Debit card,2023-05-26,Emamr Square Mall
I139243,C241647,Male,63,Food & Beverages,5,12.312608452070592,Credit card,2023-05-19,Cevvahir AVM
I139244,C241648,Male,34,Books,6,8.326279910945997,Debit card,2023-04-05,Emamr Square Mall
I139245,C241649,Female,45,Technology,3,165.79835761256192,Cash,2023-11-18,Cevvahir AVM
I139246,C241650,Male,58,Souvenir,1,59.228473352580565,Credit card,2023-01-24,Emamr Square Mall
I139247,C241651,Male,77,Shoes,1,164.63299408441532,Cash,2023-01-13,Emamr Square Mall
I139248,C241652,Male,63,Souvenir,2,125.20587763676194,Cash,2023-02-03,Emamr Square Mall
I139249,C241653,Female,31,Souvenir,6,116.7287254519137,Debit card,2023-10-03,Emamr Square Mall
I139250,C241654,Female,44,Technology,9,28.99700051131142,Credit card,2023-02-23,Emamr Square Mall
I139251,C241655,Female,69,Shoes,7,70.49146430584395,Cash,2023-09-24,Emamr Square Mall
I139252,C241656,Male,19,Clothing,7,18.50353144164003,Cash,2023-01-24,Cevvahir AVM
I139253,C241657,Female,52,Books,4,19.192400682956574,Credit card,2023-10-28,Emamr Square Mall
I139254,C241658,Male,67,Toys,6,30.72669809401729,Cash,2023-11-16,Cevvahir AVM
I139255,C241659,Female,73,Books,2,83.85597335550695,Cash,2023-02-10,Emamr Square Mall
I139256,C241660,Male,59,Clothing,6,85.3651452678657,Cash,2023-07-21,Emamr Square Mall
I139257,C241661,Female,58,Toys,8,60.06128550010864,Cash,2023-02-18,Emamr Square Mall
I139258,C241662,Male,52,Clothing,8,170.5267737926168,Credit card,2023-09-12,Emamr Square Mall
I139259,C241663,Male,18,Food & Beverages,9,34.134658141603666,Credit card,2023-08-09,Cevvahir AVM
I139260,C241664,Female,62,Books,1,195.06628435711346,Debit card,2023-08-04,Emamr Square Mall
I139261,C241665,Female,21,Books,4,198.28571693742575,Debit card,2023-04-28,Emamr Square Mall
I139262,C241666,Female,68,Souvenir,9,133.23789720873066,Debit card,2023-04-20,Cevvahir AVM
I139263,C241667,Female,67,Souvenir,7,67.9260770968258,Credit card,2023-12-14,Cevvahir AVM
I139264,C241668,Female,72,Shoes,3,18.30005803419263,Cash,2023-08-29,Emamr Square Mall
I139265,C241669,Male,20,Shoes,1,37.94750668977192,Cash,2023-07-04,Cevvahir AVM
I139266,C241670,Female,45,Technology,5,116.55890315603867,Debit card,2023-08-24,Emamr Square Mall
I139267,C241671,Female,23,Shoes,8,48.68423986548426,Cash,2023-11-27,Emamr Square Mall
I139268,C241672,Female,57,Toys,9,9.103038505869886,Debit card,2023-05-04,Emamr Square Mall
I139269,C241673,Female,62,Shoes,6,58.85344696976596,Cash,2023-03-10,Cevvahir AVM
I139270,C241674,Female,62,Clothing,1,145.5474641818458,Cash,2023-09-16,Cevvahir AVM
I139271,C241675,Female,29,Toys,5,107.08071365448687,Credit card,2023-10-25,Cevvahir AVM
I139272,C241676,Male,44,Food & Beverages,5,72.08137269794463,Credit card,2023-09-13,Cevvahir AVM
I139273,C241677,Female,72,Technology,9,118.46343856769543,Credit card,2023-07-19,Cevvahir AVM
I139274,C241678,Female,21,Cosmetics,8,182.81844596726688,Cash,2023-08-28,Cevvahir AVM
I139275,C241679,Female,49,Shoes,4,11.418369404278453,Debit card,2023-02-27,Emamr Square Mall
I139276,C241680,Female,25,Souvenir,9,60.35054719472889,Credit card,2023-09-09,Cevvahir AVM
I139277,C241681,Female,75,Cosmetics,3,79.9032691419226,Cash,2023-11-25,Cevvahir AVM
I139278,C241682,Female,27,Food & Beverages,5,98.70237630661188,Credit card,2023-11-04,Emamr Square Mall
I139279,C241683,Male,48,Shoes,1,70.75407619822246,Debit card,2023-05-01,Cevvahir AVM
I139280,C241684,Male,62,Souvenir,1,115.98013470497852,Debit card,2023-12-19,Emamr Square Mall
I139281,C241685,Female,30,Food & Beverages,8,75.01902879476002,Credit card,2023-08-11,Cevvahir AVM
I139282,C241686,Male,57,Toys,6,174.91735611018692,Debit card,2023-02-27,Cevvahir AVM
I139283,C241687,Female,25,Shoes,3,195.62091076683967,Cash,2023-11-12,Cevvahir AVM
I139284,C241688,Female,36,Books,3,66.67279844428043,Debit card,2023-05-21,Cevvahir AVM
I139285,C241689,Male,61,Technology,2,31.114212355671096,Cash,2023-06-23,Emamr Square Mall
I139285,C241689,Female,21,Souvenir,9,107.61029938378964,Debit card,2023-09-02,Cevvahir AVM
I139287,C241691,Female,20,Shoes,9,107.78447430278443,Debit card,2023-01-18,Emamr Square Mall
I139288,C241692,Male,73,Toys,4,182.46160884371736,Debit card,2023-08-11,Emamr Square Mall
I139289,C241693,Female,76,Technology,5,129.76850768473474,Debit card,2023-02-08,Emamr Square Mall
I139290,C241694,Male,49,Shoes,1,177.32606530846346,Debit card,2023-06-05,Cevvahir AVM
I139291,C241695,Male,29,Cosmetics,7,183.26001059555068,Cash,2023-05-06,Cevvahir AVM
I139292,C241696,Male,54,Technology,9,82.51866416158526,Credit card,2023-05-30,Cevvahir AVM
I139293,C241697,Male,60,Books,9,198.44646957733804,Credit card,2023-04-27,Emamr Square Mall
I139294,C241698,Male,19,Toys,3,148.29225939742147,Credit card,2023-12-24,Cevvahir AVM
I139295,C241699,Female,44,Toys,7,102.8776933885204,Cash,2023-12-09,Cevvahir AVM
I139296,C241700,Male,64,Technology,5,15.521945090538148,Debit card,2023-05-01,Cevvahir AVM
I139297,C241701,Female,69,Food & Beverages,4,132.67879593151724,Debit card,2023-08-31,Cevvahir AVM
I139298,C241702,Male,44,Souvenir,2,65.56103250772156,Credit card,2023-03-08,Cevvahir AVM
I139299,C241703,Male,48,Food & Beverages,8,88.31046662362151,Credit card,2023-07-20,Emamr Square Mall
I139300,C241704,Female,55,Shoes,6,193.99503826313187,Debit card,2023-08-10,Emamr Square Mall
I139301,C241705,Male,73,Clothing,2,123.22759602051691,Cash,2023-10-10,Emamr Square Mall
I139302,C241706,Female,54,Clothing,8,20.828783544904972,Cash,2023-03-21,Emamr Square Mall
I139303,C241707,Female,64,Shoes,4,12.122886535742417,Credit card,2023-10-28,Emamr Square Mall
I139304,C241708,Female,68,Books,8,83.61533927413754,Credit card,2023-08-24,Cevvahir AVM
I139305,C241709,Male,39,Books,4,61.24057144199423,Debit card,2023-06-07,Cevvahir AVM
I139306,C241710,Female,49,Toys,3,150.31917542123384,Debit card,2023-06-11,Cevvahir AVM
I139307,C241711,Male,28,Toys,5,12.17539042852745,Debit card,2023-08-07,Cevvahir AVM
I139308,C241712,Male,30,Cosmetics,2,149.1407965442709,Cash,2023-08-19,Emamr Square Mall
I139309,C241713,Male,47,Food & Beverages,1,138.00557800284517,Cash,2023-06-01,Emamr Square Mall
I139310,C241714,Female,22,Souvenir,5,168.5761745192778,Cash,2023-12-26,Emamr Square Mall
I139311,C241715,Female,68,Clothing,1,177.73145796900513,Credit card,2023-09-09,Emamr Square Mall
I139312,C241716,Female,53,Clothing,3,44.14444862057079,Cash,2023-08-01,Emamr Square Mall
I139313,C241717,Female,49,Technology,8,116.3812936400214,Cash,2023-03-25,Emamr Square Mall
I139314,C241718,Female,41,Food & Beverages,4,44.69904528325959,Cash,2023-05-31,Cevvahir AVM
I139315,C241719,Male,47,Food & Beverages,4,34.9328969331258,Credit card,2023-07-18,Cevvahir AVM
I139316,C241720,Female,76,Shoes,3,123.66768545039959,Credit card,2023-04-29,Emamr Square Mall
I139317,C241721,Male,53,Clothing,4,193.1446493547748,Debit card,2023-10-25,Emamr Square Mall
I139318,C241722,Female,37,Souvenir,9,143.52899539877413,Credit card,2023-08-20,Emamr Square Mall
I139319,C241723,Male,58,Cosmetics,8,183.28689193006687,Cash,2023-08-22,Emamr Square Mall
I139320,C241724,Male,41,Food & Beverages,5,151.90617038942648,Credit card,2023-11-18,Emamr Square Mall
I139321,C241725,Female,61,Shoes,3,113.57232332714784,Cash,2023-05-18,Emamr Square Mall
I139322,C241726,Female,77,Cosmetics,4,110.05959771582947,Cash,2023-10-18,Cevvahir AVM
I139323,C241727,Male,72,Shoes,9,83.05958862775034,Credit card,2023-12-16,Cevvahir AVM
I139324,C241728,Male,43,Souvenir,5,141.19579144297592,Credit card,2023-07-25,Cevvahir AVM
I139325,C241729,Male,41,Clothing,6,104.80559903254026,Cash,2023-12-12,Emamr Square Mall
I139326,C241730,Female,36,Toys,5,169.69786501362825,Credit card,2023-08-02,Cevvahir AVM
I139327,C241731,Female,24,Shoes,2,109.06979290371294,Debit card,2023-11-09,Cevvahir AVM
I139328,C241732,Female,25,Clothing,4,33.9023307005189,Debit card,2023-10-12,Cevvahir AVM
I139329,C241733,Female,31,Food & Beverages,3,150.7229879574719,Cash,2023-06-16,Cevvahir AVM
I139330,C241734,Male,42,Cosmetics,1,94.54176021201401,Cash,2023-04-04,Emamr Square Mall
I139331,C241735,Female,67,Shoes,3,24.304706224844402,Credit card,2023-06-19,Cevvahir AVM
I139332,C241736,Male,24,Books,4,21.088166043895654,Debit card,2023-11-12,Emamr Square Mall
I139333,C241737,Female,50,Technology,5,103.18631456977205,Credit card,2023-12-29,Emamr Square Mall
I139334,C241738,Female,29,Shoes,9,105.1004637678991,Cash,2023-07-06,Cevvahir AVM
I139335,C241739,Male,45,Food & Beverages,3,80.31020124922843,Cash,2023-05-23,Cevvahir AVM
I139336,C241740,Male,18,Clothing,5,8.323962092313806,Cash,2023-01-11,Cevvahir AVM
I139337,C241741,Female,62,Food & Beverages,4,178.95442909191613,Debit card,2023-08-24,Emamr Square Mall
I139338,C241742,Female,20,Technology,9,101.49137201758082,Debit card,2023-10-02,Cevvahir AVM
I139339,C241743,Male,20,Cosmetics,6,29.056981583440255,Debit card,2023-01-05,Cevvahir AVM
I139340,C241744,Female,69,Shoes,3,126.42656242276534,Cash,2023-01-13,Emamr Square Mall
I139341,C241745,Male,52,Shoes,6,99.72074280270057,Debit card,2023-10-24,Cevvahir AVM
I139342,C241746,Male,56,Cosmetics,3,39.46939035861094,Credit card,2023-09-24,Cevvahir AVM
I139343,C241747,Female,72,Shoes,9,114.9439228951645,Debit card,2023-02-21,Emamr Square Mall
I139344,C241748,Female,53,Souvenir,4,36.889673325842224,Credit card,2023-12-10,Cevvahir AVM
I139345,C241749,Male,75,Cosmetics,5,92.51442540902121,Credit card,2023-09-17,Emamr Square Mall
I139346,C241750,Male,60,Souvenir,5,85.01336581591782,Debit card,2023-04-10,Emamr Square Mall
I139347,C241751,Male,54,Food & Beverages,4,166.47678159389895,Debit card,2023-09-05,Cevvahir AVM
I139348,C241752,Female,63,Food & Beverages,2,47.12674737028901,Credit card,2023-01-09,Emamr Square Mall
I139349,C241753,Female,28,Clothing,5,47.95333926676092,Cash,2023-02-19,Cevvahir AVM
I139350,C241754,Male,65,Books,5,122.37829585038908,Cash,2023-04-14,Cevvahir AVM
I139351,C241755,Female,76,Cosmetics,7,68.66715843656748,Cash,2023-03-01,Emamr Square Mall
I139352,C241756,Male,28,Shoes,5,183.32639785956007,Debit card,2023-05-29,Cevvahir AVM
I139353,C241757,Female,73,Cosmetics,3,46.79161127219972,Debit card,2023-12-26,Cevvahir AVM
I139354,C241758,Female,45,Technology,5,12.667105097533625,Credit card,2023-04-05,Emamr Square Mall
I139355,C241759,Male,62,Food & Beverages,9,166.88403670596776,Cash,2023-11-26,Emamr Square Mall
I139356,C241760,Male,37,Clothing,1,187.33041492108686,Debit card,2023-01-29,Cevvahir AVM
I139357,C241761,Male,43,Toys,5,147.12159084742254,Credit card,2023-05-31,Emamr Square Mall
I139358,C241762,Male,52,Clothing,3,17.4970295690897,Credit card,2023-08-05,Cevvahir AVM
I139359,C241763,Female,24,Clothing,3,118.87141931174129,Debit card,2023-03-13,Cevvahir AVM
I139360,C241764,Male,56,Clothing,5,177.2449700489909,Debit card,2023-05-26,Cevvahir AVM
I139361,C241765,Male,59,Books,8,46.529771381325375,Cash,2023-12-12,Cevvahir AVM
I139362,C241766,Male,71,Toys,7,63.05074294224963,Debit card,2023-11-24,Cevvahir AVM
I139363,C241767,Female,29,Clothing,8,105.06190497012172,Cash,2023-10-14,Cevvahir AVM
I139364,C241768,Male,54,Shoes,1,104.26189259379403,Credit card,2023-08-20,Cevvahir AVM
I139365,C241769,Female,54,Technology,5,50.43228780302478,Debit card,2023-04-13,Emamr Square Mall
I139366,C241770,Female,19,Books,2,56.27630836777952,Debit card,2023-03-29,Cevvahir AVM
I139367,C241771,Female,66,Food & Beverages,1,186.38118376850625,Cash,2023-02-22,Cevvahir AVM
I139368,C241772,Male,38,Cosmetics,8,145.47279235345962,Debit card,2023-12-05,Emamr Square Mall
I139369,C241773,Female,79,Cosmetics,9,176.08338666562958,Debit card,2023-01-15,Emamr Square Mall
I139370,C241774,Female,73,Toys,7,196.67863536026547,Cash,2023-08-02,Emamr Square Mall
I139371,C241775,Male,29,Toys,4,176.34058724282764,Cash,2023-06-18,Cevvahir AVM
I139372,C241776,Male,32,Souvenir,8,186.4093369236457,Debit card,2023-08-10,Emamr Square Mall
I139373,C241777,Female,39,Shoes,4,185.7126138936754,Credit card,2023-10-26,Emamr Square Mall
I139374,C241778,Male,54,Books,2,70.5683136856641,Credit card,2023-12-15,Cevvahir AVM
I139375,C241779,Male,33,Technology,9,154.19958633103454,Debit card,2023-02-13,Cevvahir AVM
I139376,C241780,Female,30,Souvenir,2,81.20574216143972,Credit card,2023-06-02,Emamr Square Mall
I139377,C241781,Male,64,Souvenir,9,41.04289893395811,Debit card,2023-01-19,Emamr Square Mall
I139378,C241782,Male,48,Cosmetics,7,74.07284909964294,Debit card,2023-09-28,Emamr Square Mall
I139379,C241783,Female,69,Clothing,6,12.40544749480986,Cash,2023-01-12,Emamr Square Mall
I139380,C241784,Female,32,Shoes,2,28.09077760391398,Debit card,2023-09-07,Cevvahir AVM
I139381,C241785,Male,72,Technology,7,47.10323670943774,Cash,2023-05-14,Emamr Square Mall
I139382,C241786,Female,64,Cosmetics,6,95.31450071534141,Debit card,2023-02-26,Cevvahir AVM
I139383,C241787,Female,35,Souvenir,5,118.56748495783665,Debit card,2023-03-31,Emamr Square Mall
